{
    "loss": 0.49595510959625244,
    "accuracy": 0.8103448152542114
}