{
    "loss": 0.12119755893945694,
    "accuracy": 0.9655172228813171
}