{
    "loss": 0.1079011932015419,
    "accuracy": 0.9655172228813171
}